"Site","X","Y","Counts","Area"
1,16.6602208853746,9.53202751057419,5,50
2,29.4581606145512,25.6620128977173,10,50
3,50.7096663941644,9.7903049135955,2,50
4,51.4548099279662,14.1924246445743,0,50
5,24.2097630102135,29.0884804160503,12,50
6,30.6425961203627,24.0928395453522,11,50
7,42.5498496942143,34.7580607099555,11,50
8,23.2026513867387,29.5788016380456,10,50
9,13.3186989402975,32.8370794070172,11,50
10,42.719428794239,8.87753053688128,10,50
